,State,Number_feature,Time_Step,number_layers,number_hiddinen_nodes,MAE,RMSE,R2_Score
0,Maharashtra,1,5,1,1,0.6374269723892212,0.6628610176123803,-14.453616348589632
1,Maharashtra,1,5,1,5,0.7203506231307983,0.7417242109998908,-18.349514211912357
2,Maharashtra,1,5,1,8,0.38609495759010315,0.4207555966608518,-5.226513747077294
3,Maharashtra,1,5,1,16,0.10035917162895203,0.11245998757144358,0.5551831774232112
4,Maharashtra,1,5,1,32,0.12034940719604492,0.1275863115962613,0.4274764865759755
5,Maharashtra,1,5,2,1,0.7480300664901733,0.7667995707405731,-19.679921208358472
6,Maharashtra,1,5,2,5,0.5788372755050659,0.6029092155616528,-11.784655657376081
7,Maharashtra,1,5,2,8,0.1909998208284378,0.20885015794580472,-0.5341039498771873
8,Maharashtra,1,5,2,16,0.20034660398960114,0.2197097771909012,-0.6977897119379637
9,Maharashtra,1,5,2,32,0.128151997923851,0.14534289980352433,0.25702740842821414
10,Maharashtra,1,7,1,1,0.6472189426422119,0.6711234169421084,-16.137467618425656
11,Maharashtra,1,7,1,5,0.7240839600563049,0.7436188397840899,-20.0398487964632
12,Maharashtra,1,7,1,8,0.3919944763183594,0.4240458408307821,-5.841754064151252
13,Maharashtra,1,7,1,16,0.11620311439037323,0.1257020265449435,0.39878968684879945
14,Maharashtra,1,7,1,32,0.06532523781061172,0.06688776121199912,0.8297703733599266
15,Maharashtra,1,7,2,1,0.7548373937606812,0.7720501720253611,-21.67946971416087
16,Maharashtra,1,7,2,5,0.5841020941734314,0.6062276944255183,-12.983420736766686
17,Maharashtra,1,7,2,8,0.20043788850307465,0.21775953821550828,-0.8042479627087069
18,Maharashtra,1,7,2,16,0.17367102205753326,0.19490578265835168,-0.44541078050206195
19,Maharashtra,1,7,2,32,0.211886927485466,0.22391837432629214,-0.9077494109824289
20,Maharashtra,1,15,1,1,0.6618598699569702,0.6788891235930576,-24.41018172755463
21,Maharashtra,1,15,1,5,0.7454150319099426,0.7586672573442065,-30.733119452728225
22,Maharashtra,1,15,1,8,0.3971136212348938,0.4176748436735992,-8.618042872739528
23,Maharashtra,1,15,1,16,0.12747235596179962,0.13465146744442305,0.0003861722991072014
24,Maharashtra,1,15,1,32,0.16123691201210022,0.16708416106985385,-0.5391486782695689
25,Maharashtra,1,15,2,1,0.7821170687675476,0.7936278361829945,-33.72512830707784
26,Maharashtra,1,15,2,5,0.6043875217437744,0.6192982951225321,-20.145103717605185
27,Maharashtra,1,15,2,8,0.21577003598213196,0.22667548223549158,-1.8328209027138551
28,Maharashtra,1,15,2,16,0.23308102786540985,0.24578096554661494,-2.330478081966174
29,Maharashtra,1,15,2,32,0.21875114738941193,0.23263226131152667,-1.9836642680033658
30,Maharashtra,2,5,1,1,0.5434516072273254,0.5638589074187883,-10.182168727191009
31,Maharashtra,2,5,1,5,0.33773043751716614,0.3610898649963268,-3.5858064793529385
32,Maharashtra,2,5,1,8,0.30179980397224426,0.3300263855240355,-2.830738303146119
33,Maharashtra,2,5,1,16,0.24707874655723572,0.26402517596678626,-1.4517480712096638
34,Maharashtra,2,5,1,32,0.15440724790096283,0.15884003354868886,0.11262924220870618
35,Maharashtra,2,5,2,1,0.6355688571929932,0.6573277207132378,-14.196691566764445
36,Maharashtra,2,5,2,5,0.3109413981437683,0.33235289757912967,-2.88493783798793
37,Maharashtra,2,5,2,8,0.2795962989330292,0.3011807105206899,-2.1903581927539104
38,Maharashtra,2,5,2,16,0.2006532847881317,0.2112761093262418,-0.5699503941488406
39,Maharashtra,2,5,2,32,0.20107218623161316,0.2099369833832835,-0.5501119310539029
40,Maharashtra,2,7,1,1,0.552594780921936,0.5714409781071333,-11.424663797133368
41,Maharashtra,2,7,1,5,0.3292565643787384,0.3535592700297548,-3.7562675139337847
42,Maharashtra,2,7,1,8,0.3214457631111145,0.3497058905673711,-3.6531576548220928
43,Maharashtra,2,7,1,16,0.24062776565551758,0.25495024041327036,-1.4731628426349022
44,Maharashtra,2,7,1,32,0.20214273035526276,0.2094086146771222,-0.6685181736168504
45,Maharashtra,2,7,2,1,0.6381114721298218,0.6581201925582131,-15.479811672279801
46,Maharashtra,2,7,2,5,0.31913721561431885,0.3396309262939063,-3.388905922393751
47,Maharashtra,2,7,2,8,0.3056887984275818,0.32526778367279074,-3.0255386085303666
48,Maharashtra,2,7,2,16,0.23089152574539185,0.24180079165785412,-1.2246273897238549
49,Maharashtra,2,7,2,32,0.23558706045150757,0.24695555091108068,-1.3204886478073137
50,Maharashtra,2,15,1,1,0.5859861969947815,0.598984209137517,-18.78066092769386
51,Maharashtra,2,15,1,5,0.35676005482673645,0.3738163706048599,-6.70418405551564
52,Maharashtra,2,15,1,8,0.34463444352149963,0.36448572305366334,-6.324383632146746
53,Maharashtra,2,15,1,16,0.26938343048095703,0.2781164393018307,-3.264453116925271
54,Maharashtra,2,15,1,32,0.1395767480134964,0.14226599062181863,-0.11586648194739357
55,Maharashtra,2,15,2,1,0.6517389416694641,0.6653740441134328,-23.40853845006733
56,Maharashtra,2,15,2,5,0.3578518033027649,0.3706110374625369,-6.572629994416827
57,Maharashtra,2,15,2,8,0.3397400379180908,0.35356057655791756,-5.891880510134036
58,Maharashtra,2,15,2,16,0.2378348559141159,0.2469219169218369,-2.361470696691858
59,Maharashtra,2,15,2,32,0.1682245433330536,0.17305705684217665,-0.651158099366054
60,Maharashtra,3,5,1,1,0.5389073491096497,0.5594633576067682,-10.008507697294197
61,Maharashtra,3,5,1,5,0.285116970539093,0.30062928014313584,-2.1786867769288945
62,Maharashtra,3,5,1,8,0.25343310832977295,0.26371860796430396,-1.4460576807398953
63,Maharashtra,3,5,1,16,0.37296736240386963,0.3969269523258324,-4.541231698009727
64,Maharashtra,3,5,1,32,0.2490202635526657,0.25982873193095424,-1.3744306360059824
65,Maharashtra,3,5,2,1,1.0647270679473877,1.0779964536244053,-39.87142760394684
66,Maharashtra,3,5,2,5,0.38357311487197876,0.4073887234565408,-4.837180789689117
67,Maharashtra,3,5,2,8,0.4053378999233246,0.4350795548138625,-5.657673430449736
68,Maharashtra,3,5,2,16,0.3438258469104767,0.36571181807100595,-3.7039548599253616
69,Maharashtra,3,5,2,32,0.29337015748023987,0.3076116288909055,-2.3280561375814863
70,Maharashtra,3,7,1,1,0.5345349907875061,0.5533488063295787,-10.650372678563638
71,Maharashtra,3,7,1,5,0.2926875352859497,0.3067795627023398,-2.5809205517903147
72,Maharashtra,3,7,1,8,0.24518784880638123,0.2550998509079495,-1.4760662880542688
73,Maharashtra,3,7,1,16,0.38356754183769226,0.4049626273113241,-5.23981541812549
74,Maharashtra,3,7,1,32,0.27737122774124146,0.2875226607928801,-2.1454732928758773
75,Maharashtra,3,7,2,1,1.0726101398468018,1.084792377278038,-43.7749506323946
76,Maharashtra,3,7,2,5,0.38558071851730347,0.40802954674770125,-5.334685105809076
77,Maharashtra,3,7,2,8,0.3787260949611664,0.40334432682839316,-5.190044252326794
78,Maharashtra,3,7,2,16,0.3371847867965698,0.35706453230840535,-3.8510450049696603
79,Maharashtra,3,7,2,32,0.2953976094722748,0.31090377595979024,-2.677848599760629
80,Maharashtra,3,15,1,1,0.534754753112793,0.5474372698063371,-15.522615022830774
81,Maharashtra,3,15,1,5,0.3082790970802307,0.31713056664097683,-4.544804747848886
82,Maharashtra,3,15,1,8,0.2785278558731079,0.2838247908111046,-3.44130603252116
83,Maharashtra,3,15,1,16,0.39518505334854126,0.4089288056230737,-8.219460126279063
84,Maharashtra,3,15,1,32,0.2419767826795578,0.2449792572650882,-2.3087863627379455
85,Maharashtra,3,15,2,1,1.103840708732605,1.1120263237821961,-67.17735698390497
86,Maharashtra,3,15,2,5,0.40172308683395386,0.41626790953245857,-8.55335523677611
87,Maharashtra,3,15,2,8,0.40911465883255005,0.4242044702869896,-8.921115763540051
88,Maharashtra,3,15,2,16,0.36421021819114685,0.3770577478246878,-6.838371036654517
89,Maharashtra,3,15,2,32,0.2384096384048462,0.24665304237888921,-2.3541540715041784
90,Maharashtra,4,5,1,1,0.7358629107475281,0.7551073774186273,-19.054070128986403
91,Maharashtra,4,5,1,5,0.29750141501426697,0.32256458171815056,-2.6594728939294976
92,Maharashtra,4,5,1,8,0.40791672468185425,0.4376150729206525,-5.735497953591322
93,Maharashtra,4,5,1,16,0.1520175337791443,0.17011568920645068,-0.017826752575127447
94,Maharashtra,4,5,1,32,0.14934824407100677,0.17299225033301235,-0.05253960586278117
95,Maharashtra,4,5,2,1,0.7156333923339844,0.7352303332824811,-18.0121809121143
96,Maharashtra,4,5,2,5,0.6487675309181213,0.6695001681757082,-14.764730816290896
97,Maharashtra,4,5,2,8,0.3124515116214752,0.3377409586991622,-3.0119233042215807
98,Maharashtra,4,5,2,16,0.19097186625003815,0.20699866956188817,-0.5070243029347228
99,Maharashtra,4,5,2,32,0.13973164558410645,0.1510461417445068,0.19757511482225887
100,Maharashtra,4,7,1,1,0.7423305511474609,0.7600153338617094,-20.977917851893423
101,Maharashtra,4,7,1,5,0.3066679537296295,0.3302478692406898,-3.1497496279751447
102,Maharashtra,4,7,1,8,0.4109066128730774,0.4384734529584635,-6.315237734874923
103,Maharashtra,4,7,1,16,0.14440174400806427,0.1573615945548334,0.057808140455839596
104,Maharashtra,4,7,1,32,0.1632489114999771,0.18045571143869588,-0.23903366491828204
105,Maharashtra,4,7,2,1,0.7217065691947937,0.7396907773124572,-19.818155446122567
106,Maharashtra,4,7,2,5,0.6520101428031921,0.6710121247252124,-16.131782765992373
107,Maharashtra,4,7,2,8,0.38101255893707275,0.405193863375816,-5.246943355193402
108,Maharashtra,4,7,2,16,0.1250842809677124,0.14357553058264189,0.21566297164853498
109,Maharashtra,4,7,2,32,0.1516832411289215,0.17069887771385567,-0.1086722783555294
110,Maharashtra,4,15,1,1,0.7679697871208191,0.7798672455519686,-32.53137875608171
111,Maharashtra,4,15,1,5,0.3312375545501709,0.34629589919620746,-5.611572364550008
112,Maharashtra,4,15,1,8,0.42834243178367615,0.4470128006979737,-10.016660272313048
113,Maharashtra,4,15,1,16,0.1423911154270172,0.15480705611722004,-0.32127002645893743
114,Maharashtra,4,15,1,32,0.20252294838428497,0.21471086206994552,-1.5416635652933381
115,Maharashtra,4,15,2,1,0.745103120803833,0.7571767913149274,-30.6085565125888
116,Maharashtra,4,15,2,5,0.6629759073257446,0.6764073641127454,-24.224741087464487
117,Maharashtra,4,15,2,8,0.4164894223213196,0.43319450074013705,-9.346082225539963
118,Maharashtra,4,15,2,16,0.15463964641094208,0.17211638644564778,-0.6332569418741216
119,Maharashtra,4,15,2,32,0.16673044860363007,0.180372704300973,-0.7937079798336304
120,Maharashtra,5,5,1,1,0.9612302780151367,1.000435555494369,-34.20168298954369
121,Maharashtra,5,5,1,5,0.2825450599193573,0.30765174792683003,-2.3289246422088077
122,Maharashtra,5,5,1,8,0.406999409198761,0.4316396238565702,-5.552812769646958
123,Maharashtra,5,5,1,16,0.25807058811187744,0.2789880872921172,-1.7375147493619258
124,Maharashtra,5,5,1,32,0.24691861867904663,0.27573270721718013,-1.6740020232404556
125,Maharashtra,5,5,2,1,0.5289609432220459,0.5533138243796083,-9.767830337836559
126,Maharashtra,5,5,2,5,0.43805012106895447,0.46206003023981573,-6.508997248070295
127,Maharashtra,5,5,2,8,0.3890454173088074,0.42197593611767015,-5.262684057952309
128,Maharashtra,5,5,2,16,0.20355826616287231,0.22176977671282974,-0.7297758972862467
129,Maharashtra,5,5,2,32,0.2595003843307495,0.2810785512753967,-1.7786930310704379
130,Maharashtra,5,7,1,1,0.9906331896781921,1.0288807789771528,-39.27838047277909
131,Maharashtra,5,7,1,5,0.2851506471633911,0.30998650861807936,-2.6561788606820804
132,Maharashtra,5,7,1,8,0.41146695613861084,0.4335355118139419,-6.1514019027977325
133,Maharashtra,5,7,1,16,0.24380545318126678,0.2657225233454093,-1.6865725907726121
134,Maharashtra,5,7,1,32,0.2708967328071594,0.3012612092833277,-2.4532517807962355
135,Maharashtra,5,7,2,1,0.5338735580444336,0.5564740383436539,-10.782343684435439
136,Maharashtra,5,7,2,5,0.45325586199760437,0.4753387874278771,-7.597028286229376
137,Maharashtra,5,7,2,8,0.4175097644329071,0.4499812413650305,-6.704255543925211
138,Maharashtra,5,7,2,16,0.24433226883411407,0.26098407284053915,-1.5916115348533113
139,Maharashtra,5,7,2,32,0.2593771517276764,0.281566322779134,-2.016499787335464
140,Maharashtra,5,15,1,1,1.035813331604004,1.0653008960954655,-61.56834304670105
141,Maharashtra,5,15,1,5,0.2967950701713562,0.3177768315542542,-4.567427192231389
142,Maharashtra,5,15,1,8,0.42585664987564087,0.4404552477674793,-9.695809337967551
143,Maharashtra,5,15,1,16,0.2596685588359833,0.2754794849937331,-3.1839702947372857
144,Maharashtra,5,15,1,32,0.25956520438194275,0.2868673251461375,-3.537035924309939
145,Maharashtra,5,15,2,1,0.5551590919494629,0.5705460893065877,-16.9469865999938
146,Maharashtra,5,15,2,5,0.5712025761604309,0.588529575414994,-18.09618604864148
147,Maharashtra,5,15,2,8,0.49664774537086487,0.514716822443828,-13.60652120943149
148,Maharashtra,5,15,2,16,0.1841011494398117,0.20915648245303398,-1.411863512685871
149,Maharashtra,5,15,2,32,0.30012020468711853,0.31544922097962924,-4.486166910109854
150,Maharashtra,6,5,1,1,0.5609501600265503,0.5899370890148246,-11.240427065781514
151,Maharashtra,6,5,1,5,0.36852535605430603,0.3913561082652529,-4.386782146112862
152,Maharashtra,6,5,1,8,0.4262683391571045,0.441862107241254,-5.866866757959986
153,Maharashtra,6,5,1,16,0.13694866001605988,0.15030320215118348,0.2054492155044505
154,Maharashtra,6,5,1,32,0.16014447808265686,0.16668652562699457,0.022793872825311756
155,Maharashtra,6,5,2,1,0.4914608895778656,0.518445249457038,-8.453463228048035
156,Maharashtra,6,5,2,5,0.32207247614860535,0.35087749715554495,-3.3300826667340093
157,Maharashtra,6,5,2,8,0.2545040547847748,0.28493886003213614,-1.8555418728975477
158,Maharashtra,6,5,2,16,0.2173827737569809,0.24103664943305822,-1.0433902189248632
159,Maharashtra,6,5,2,32,0.2516731321811676,0.26446660682200185,-1.4599534843615363
160,Maharashtra,6,7,1,1,0.566429853439331,0.5931574474740857,-12.386956275658326
161,Maharashtra,6,7,1,5,0.44549238681793213,0.4693188712215545,-7.380653912297184
162,Maharashtra,6,7,1,8,0.43764612078666687,0.45168249126574617,-6.762621098101006
163,Maharashtra,6,7,1,16,0.13303762674331665,0.15017424536138038,0.1419101263564
164,Maharashtra,6,7,1,32,0.21751222014427185,0.2247912209833115,-0.9226513031203525
165,Maharashtra,6,7,2,1,0.49604225158691406,0.5205194640152728,-9.308982684323132
166,Maharashtra,6,7,2,5,0.3269491493701935,0.35278365719247917,-3.7354227701161387
167,Maharashtra,6,7,2,8,0.2697094976902008,0.30181478067556594,-2.465954673264383
168,Maharashtra,6,7,2,16,0.27720576524734497,0.29635994553029626,-2.341803106964772
169,Maharashtra,6,7,2,32,0.258531779050827,0.27936895814118645,-1.9696014337322265
170,Maharashtra,6,15,1,1,0.5983322858810425,0.6192284891737686,-20.140337855613957
171,Maharashtra,6,15,1,5,0.47099772095680237,0.48682330862219764,-12.066305304431182
172,Maharashtra,6,15,1,8,0.46814531087875366,0.47716064125222446,-11.552762255716283
173,Maharashtra,6,15,1,16,0.1851336807012558,0.1978712416687754,-1.1586161770756558
174,Maharashtra,6,15,1,32,0.2004457414150238,0.20984147687690585,-1.4276871227550316
175,Maharashtra,6,15,2,1,0.5222558379173279,0.539341453578743,-15.037536754390153
176,Maharashtra,6,15,2,5,0.33463233709335327,0.35221482263168774,-5.8395150419577915
177,Maharashtra,6,15,2,8,0.2992665767669678,0.3213282622103557,-4.692564154729003
178,Maharashtra,6,15,2,16,0.1937256157398224,0.2073788334214532,-1.371040141146315
179,Maharashtra,6,15,2,32,0.18509720265865326,0.20415942270863707,-1.2979941659079324
180,Karnataka,1,5,1,1,0.5245208144187927,0.5853383879631587,-4.846696399582757
181,Karnataka,1,5,1,5,0.6248995661735535,0.674230836691433,-6.75735595474051
182,Karnataka,1,5,1,8,0.30158427357673645,0.373524604598466,-1.380865841249923
183,Karnataka,1,5,1,16,0.1024751365184784,0.1280937235153517,0.7200037194579193
184,Karnataka,1,5,1,32,0.11495112627744675,0.1353123810439435,0.6875564285995601
185,Karnataka,1,5,2,1,0.6481282711029053,0.6918605669578602,-7.168337494106217
186,Karnataka,1,5,2,5,0.46720242500305176,0.5262151155213197,-3.7252324498602354
187,Karnataka,1,5,2,8,0.21299226582050323,0.2554128842413426,-0.11322299371205635
188,Karnataka,1,5,2,16,0.1574425995349884,0.19826028299662035,0.32923872272222576
189,Karnataka,1,5,2,32,0.13445979356765747,0.16866932636012252,0.5145228873129257
190,Karnataka,1,7,1,1,0.5317573547363281,0.5917499385135878,-5.140057359188713
191,Karnataka,1,7,1,5,0.6305495500564575,0.6781354920942375,-7.063598929989171
192,Karnataka,1,7,1,8,0.3232837915420532,0.3972528273660093,-1.7671326841465462
193,Karnataka,1,7,1,16,0.10985983163118362,0.1308828233236025,0.6996267325501258
194,Karnataka,1,7,1,32,0.11635307967662811,0.13121781437061733,0.6980871361887495
195,Karnataka,1,7,2,1,0.6550752520561218,0.6972472244527509,-7.524512493455736
196,Karnataka,1,7,2,5,0.4718341827392578,0.5289006738636429,-3.9050584806335182
197,Karnataka,1,7,2,8,0.19142350554466248,0.22917026097917967,0.07909992224957307
198,Karnataka,1,7,2,16,0.21578611433506012,0.25791375743774086,-0.1663932870385294
199,Karnataka,1,7,2,32,0.22397960722446442,0.2732316468436884,-0.3090553295399405
200,Karnataka,1,15,1,1,0.5409449338912964,0.5934430131862038,-6.17535208595619
201,Karnataka,1,15,1,5,0.6578307151794434,0.6976170015134584,-8.915606720356356
202,Karnataka,1,15,1,8,0.3655896782875061,0.4251139600218183,-2.682103068099621
203,Karnataka,1,15,1,16,0.14552390575408936,0.1656936046827628,0.44063325492548455
204,Karnataka,1,15,1,32,0.18784824013710022,0.21024688942872805,0.099374307444412
205,Karnataka,1,15,2,1,0.685947060585022,0.7208359345258699,-9.58663769280288
206,Karnataka,1,15,2,5,0.4933900237083435,0.5409940033596179,-4.963072439220733
207,Karnataka,1,15,2,8,0.2630355656147003,0.30093221467666137,-0.8451111380960794
208,Karnataka,1,15,2,16,0.1782229244709015,0.209847139968815,0.1027958607713696
209,Karnataka,1,15,2,32,0.276663213968277,0.3001231760234134,-0.8352035528990698
210,Karnataka,2,5,1,1,0.4502479135990143,0.5019187470178222,-3.2989592755077206
211,Karnataka,2,5,1,5,0.271804541349411,0.3283135689718555,-0.8393917595994622
212,Karnataka,2,5,1,8,0.2700800597667694,0.32986979710146336,-0.8568704718016427
213,Karnataka,2,5,1,16,0.2406359761953354,0.2881405406865107,-0.41678915693765295
214,Karnataka,2,5,1,32,0.17789962887763977,0.2028832739584193,0.29759266434562204
215,Karnataka,2,5,2,1,0.5372280478477478,0.5884189449632304,-4.908398725333979
216,Karnataka,2,5,2,5,0.2681563198566437,0.3170105026886445,-0.7149198241335304
217,Karnataka,2,5,2,8,0.22906216979026794,0.2800895140605395,-0.3387215305365603
218,Karnataka,2,5,2,16,0.19311609864234924,0.22810883464758377,0.11206589200729644
219,Karnataka,2,5,2,32,0.21730352938175201,0.2527588374048388,-0.09020753509092883
220,Karnataka,2,7,1,1,0.45911943912506104,0.5094257551778556,-3.550485784211425
221,Karnataka,2,7,1,5,0.292105108499527,0.348346967012056,-1.127747299763655
222,Karnataka,2,7,1,8,0.2856380045413971,0.34536411883471035,-1.0914641223030315
223,Karnataka,2,7,1,16,0.2300359159708023,0.273034056988879,-0.30716253149426986
224,Karnataka,2,7,1,32,0.16283097863197327,0.19184171032166936,0.3546696824886082
225,Karnataka,2,7,2,1,0.5389871597290039,0.5885663885365056,-5.074169614094253
226,Karnataka,2,7,2,5,0.27756503224372864,0.3240264759070724,-0.8410134938465121
227,Karnataka,2,7,2,8,0.25160789489746094,0.30335647897961426,-0.6136246526211699
228,Karnataka,2,7,2,16,0.24591994285583496,0.28659576096108413,-0.4402421285019136
229,Karnataka,2,7,2,32,0.2332678735256195,0.27405190241820965,-0.3169266968131961
230,Karnataka,2,15,1,1,0.4872007369995117,0.5309399092486561,-4.743491154945476
231,Karnataka,2,15,1,5,0.3123885989189148,0.35964176394279795,-1.635271934675239
232,Karnataka,2,15,1,8,0.3367588520050049,0.39011811747983943,-2.1008263684061808
233,Karnataka,2,15,1,16,0.27177557349205017,0.30496964473614613,-0.8949528996308542
234,Karnataka,2,15,1,32,0.19804878532886505,0.21746465576676843,0.036475987545462774
235,Karnataka,2,15,2,1,0.5568297505378723,0.5987142037699356,-6.303386678250974
236,Karnataka,2,15,2,5,0.31293126940727234,0.3499879651895629,-1.4956941323214483
237,Karnataka,2,15,2,8,0.2850309908390045,0.326237129491029,-1.1684627388966122
238,Karnataka,2,15,2,16,0.25866061449050903,0.28984115733094995,-0.7116118614156739
239,Karnataka,2,15,2,32,0.26153120398521423,0.2857264865777828,-0.6633596265608115
240,Karnataka,3,5,1,1,0.4491807818412781,0.4966798759097073,-3.2096854892745394
241,Karnataka,3,5,1,5,0.21144424378871918,0.2513270176325656,-0.07789110627668316
242,Karnataka,3,5,1,8,0.20348985493183136,0.23430022795371405,0.06321050616786317
243,Karnataka,3,5,1,16,0.30192339420318604,0.3585974948662582,-1.194375925496674
244,Karnataka,3,5,1,32,0.16321398317813873,0.19160967351794855,0.37348512069194495
245,Karnataka,3,5,2,1,0.9545992612838745,0.9848149542613629,-15.550297966267426
246,Karnataka,3,5,2,5,0.2960350513458252,0.35544999041678704,-1.156023688196941
247,Karnataka,3,5,2,8,0.33570775389671326,0.3967426567491764,-1.6860512662967753
248,Karnataka,3,5,2,16,0.26929694414138794,0.3218004163420789,-0.7671349461201924
249,Karnataka,3,5,2,32,0.21218419075012207,0.24449207187058056,-0.020061010258594525
250,Karnataka,3,7,1,1,0.4466530978679657,0.49229324052677204,-3.2495576741663
251,Karnataka,3,7,1,5,0.2146703600883484,0.25169030609536924,-0.11078231527807203
252,Karnataka,3,7,1,8,0.19326992332935333,0.22386344943822126,0.12125605901683945
253,Karnataka,3,7,1,16,0.3152630031108856,0.3709454892783687,-1.4127713118485037
254,Karnataka,3,7,1,32,0.17723320424556732,0.20606422402248173,0.25543744122382195
255,Karnataka,3,7,2,1,0.9626304507255554,0.9918101937480356,-16.248572152336568
256,Karnataka,3,7,2,5,0.30996009707450867,0.364499888634632,-1.329650529873415
257,Karnataka,3,7,2,8,0.3228644132614136,0.3825314326865906,-1.5658441125972105
258,Karnataka,3,7,2,16,0.29565536975860596,0.34552467179986285,-1.0934091635840715
259,Karnataka,3,7,2,32,0.27357742190361023,0.32651640918121094,-0.8694162963335441
260,Karnataka,3,15,1,1,0.4546063542366028,0.492799575118518,-3.947955894629205
261,Karnataka,3,15,1,5,0.24190959334373474,0.2700740766014946,-0.48611002951514304
262,Karnataka,3,15,1,8,0.23148131370544434,0.2537672983108163,-0.31206834081256196
263,Karnataka,3,15,1,16,0.3507266938686371,0.39494396566757056,-2.17801644283885
264,Karnataka,3,15,1,32,0.24100761115550995,0.2618880933934311,-0.39738697694729797
265,Karnataka,3,15,2,1,0.9978564977645874,1.0221539084671176,-20.28716458727713
266,Karnataka,3,15,2,5,0.3347111940383911,0.3793828464117703,-1.9325169240213915
267,Karnataka,3,15,2,8,0.3761179745197296,0.42440171695594725,-2.6697752577135487
268,Karnataka,3,15,2,16,0.318748414516449,0.3619575585518419,-1.6693191206198827
269,Karnataka,3,15,2,32,0.26451849937438965,0.3012898714936774,-0.849499527199471
270,Karnataka,4,5,1,1,0.6458532810211182,0.6911640928530353,-7.151900461855416
271,Karnataka,4,5,1,5,0.22999857366085052,0.2846583238803163,-0.3827520145432546
272,Karnataka,4,5,1,8,0.32312652468681335,0.38737178342504835,-1.56066328246595
273,Karnataka,4,5,1,16,0.15424315631389618,0.17921942407270078,0.4518912703428317
274,Karnataka,4,5,1,32,0.1875787377357483,0.21712824266940875,0.1954942089778533
275,Karnataka,4,5,2,1,0.6207481622695923,0.6662800730919453,-6.575479528112985
276,Karnataka,4,5,2,5,0.5447203516960144,0.5960153730669188,-5.0619374361092175
277,Karnataka,4,5,2,8,0.26134946942329407,0.321873431988943,-0.7679371449188765
278,Karnataka,4,5,2,16,0.18498870730400085,0.21615490070918444,0.20269092912316866
279,Karnataka,4,5,2,32,0.24234002828598022,0.27298067624744293,-0.27162870900805736
280,Karnataka,4,7,1,1,0.6532888412475586,0.6971903314195262,-7.523122561933347
281,Karnataka,4,7,1,5,0.24402588605880737,0.2949723080593145,-0.5256624920985782
282,Karnataka,4,7,1,8,0.32667312026023865,0.3895890613719596,-1.6613960432244186
283,Karnataka,4,7,1,16,0.12033677101135254,0.14962588361090404,0.6074369227463827
284,Karnataka,4,7,1,32,0.22112976014614105,0.24512851734497387,-0.05361918871637372
285,Karnataka,4,7,2,1,0.6264644861221313,0.6704385616677795,-6.881592580838284
286,Karnataka,4,7,2,5,0.5492563843727112,0.5988148697134417,-5.287545320389627
287,Karnataka,4,7,2,8,0.32069870829582214,0.37893505576841463,-1.5178249084990925
288,Karnataka,4,7,2,16,0.1622462272644043,0.18667480558153068,0.38896314331508275
289,Karnataka,4,7,2,32,0.2204797863960266,0.24578690699998712,-0.05928661790966583
290,Karnataka,4,15,1,1,0.6848019957542419,0.7214867278403027,-9.605761832288387
291,Karnataka,4,15,1,5,0.26976919174194336,0.3090127562980782,-0.9455302545121296
292,Karnataka,4,15,1,8,0.35474032163619995,0.4049284788252298,-2.340733478970277
293,Karnataka,4,15,1,16,0.1905309110879898,0.21135121852184166,0.08988834662252077
294,Karnataka,4,15,1,32,0.24135175347328186,0.26152555252598825,-0.3935207034828909
295,Karnataka,4,15,2,1,0.6535776257514954,0.690104946399944,-8.703210273367974
296,Karnataka,4,15,2,5,0.5706297755241394,0.6117255774417818,-6.624273654566308
297,Karnataka,4,15,2,8,0.3570398986339569,0.39736521175025263,-2.217102260802794
298,Karnataka,4,15,2,16,0.1722067892551422,0.1989811340385612,0.1933057342071497
299,Karnataka,4,15,2,32,0.2693403363227844,0.2955706830157383,-0.7799503085078665
300,Karnataka,5,5,1,1,0.9209926128387451,1.0042312630312566,-16.209332107882425
301,Karnataka,5,5,1,5,0.24554720520973206,0.2892178169742416,-0.42740296457325755
302,Karnataka,5,5,1,8,0.3187165856361389,0.3800567581741716,-1.4648668187763048
303,Karnataka,5,5,1,16,0.21142016351222992,0.24472774100419475,-0.02202834611434401
304,Karnataka,5,5,1,32,0.2814944088459015,0.3323928546901565,-0.8853843837828617
305,Karnataka,5,5,2,1,0.4174750745296478,0.4768486258386678,-2.8802310617807474
306,Karnataka,5,5,2,5,0.32324641942977905,0.3849815885674524,-1.529160922964353
307,Karnataka,5,5,2,8,0.3694012463092804,0.4420268498212159,-2.334216624775171
308,Karnataka,5,5,2,16,0.20541204512119293,0.25157363168006364,-0.08000756057900604
309,Karnataka,5,5,2,32,0.24020600318908691,0.27396074367715084,-0.2807760177224363
310,Karnataka,5,7,1,1,0.9533653259277344,1.037163224770913,-17.862104651729
311,Karnataka,5,7,1,5,0.2280319333076477,0.27408948552323276,-0.3172878727263617
312,Karnataka,5,7,1,8,0.3339584469795227,0.3890660649638026,-1.654255211695776
313,Karnataka,5,7,1,16,0.18049071729183197,0.21252424753917676,0.20802231739022825
314,Karnataka,5,7,1,32,0.2737390697002411,0.3224059290786807,-0.8226445840180803
315,Karnataka,5,7,2,1,0.4221898913383484,0.47981173866592197,-3.036804524942168
316,Karnataka,5,7,2,5,0.335529625415802,0.3956208055885548,-1.7444432764511646
317,Karnataka,5,7,2,8,0.34750282764434814,0.4158271935907301,-2.0319479749014793
318,Karnataka,5,7,2,16,0.2904820442199707,0.33942488365207873,-1.0201486456357465
319,Karnataka,5,7,2,32,0.2607450783252716,0.308276870858846,-0.6663946226099748
320,Karnataka,5,15,1,1,1.023436188697815,1.095372930538491,-23.446080572097248
321,Karnataka,5,15,1,5,0.25906896591186523,0.2958780917484375,-0.7836546993136668
322,Karnataka,5,15,1,8,0.3672386407852173,0.41041803634079366,-2.4319270352080005
323,Karnataka,5,15,1,16,0.22731967270374298,0.2536258175894549,-0.31060582357842415
324,Karnataka,5,15,1,32,0.29614099860191345,0.3340641617978963,-1.2737616605459596
325,Karnataka,5,15,2,1,0.446017324924469,0.494090081445751,-3.9739046264394373
326,Karnataka,5,15,2,5,0.36810046434402466,0.41906215576681155,-2.57801425697681
327,Karnataka,5,15,2,8,0.42836466431617737,0.4843075151500775,-3.7788956551310475
328,Karnataka,5,15,2,16,0.3246815800666809,0.35815962232961335,-1.6135959133376572
329,Karnataka,5,15,2,32,0.25744518637657166,0.2949216855282206,-0.7721422974872958
330,Karnataka,6,5,1,1,0.4671665132045746,0.5241689268901392,-3.688555931439973
331,Karnataka,6,5,1,5,0.316109836101532,0.3655616803237509,-1.2804358374898404
332,Karnataka,6,5,1,8,0.3795768618583679,0.43456033416607737,-2.222528193597386
333,Karnataka,6,5,1,16,0.17107513546943665,0.20007598856448536,0.31689654713152937
334,Karnataka,6,5,1,32,0.1347884088754654,0.15561147397408076,0.5867815116144639
335,Karnataka,6,5,2,1,0.37995365262031555,0.4504246655029471,-2.462110449643785
336,Karnataka,6,5,2,5,0.23165275156497955,0.2957612906410511,-0.4927228575754663
337,Karnataka,6,5,2,8,0.24853606522083282,0.30390481188514745,-0.5760561212230408
338,Karnataka,6,5,2,16,0.244534432888031,0.28258366415613223,-0.36266966253090693
339,Karnataka,6,5,2,32,0.26857584714889526,0.311662421718204,-0.6575454237034406
340,Karnataka,6,7,1,1,0.46646153926849365,0.521096503209014,-3.7613742276691715
341,Karnataka,6,7,1,5,0.32040929794311523,0.36609295788368695,-1.3500590167401416
342,Karnataka,6,7,1,8,0.39955633878707886,0.45504390604272515,-2.630802105573027
343,Karnataka,6,7,1,16,0.16609762609004974,0.19537414531618444,0.3306856172105843
344,Karnataka,6,7,1,32,0.21628104150295258,0.2410525446703663,-0.01887155185349698
345,Karnataka,6,7,2,1,0.38482388854026794,0.45059719063373666,-2.560188202651615
346,Karnataka,6,7,2,5,0.23414024710655212,0.29453910847508685,-0.521184537155696
347,Karnataka,6,7,2,8,0.27260929346084595,0.32646303259107234,-0.8688051235172947
348,Karnataka,6,7,2,16,0.276424765586853,0.3158893365870976,-0.7497094310398877
349,Karnataka,6,7,2,32,0.2756896913051605,0.31723220773199057,-0.76461731190997
350,Karnataka,6,15,1,1,0.5097147226333618,0.5612633675085715,-5.418278254652374
351,Karnataka,6,15,1,5,0.39015063643455505,0.4377669814065948,-2.90455176782395
352,Karnataka,6,15,1,8,0.4654945433139801,0.5092519751984724,-4.283851755844101
353,Karnataka,6,15,1,16,0.1705164909362793,0.19120628265544176,0.2551144967302674
354,Karnataka,6,15,1,32,0.22944140434265137,0.2475944207204169,-0.24901270183146784
355,Karnataka,6,15,2,1,0.41488584876060486,0.47032544507939517,-3.506943803600504
356,Karnataka,6,15,2,5,0.26904699206352234,0.31953365726077143,-1.0802637232845713
357,Karnataka,6,15,2,8,0.31189775466918945,0.3550426738235114,-1.5683032617406516
358,Karnataka,6,15,2,16,0.2587262988090515,0.2949122496796306,-0.7720289629607491
359,Karnataka,6,15,2,32,0.33007341623306274,0.3552129474836152,-1.5707672804292288
360,Uttar-Pradesh,1,5,1,1,0.6083143353462219,0.6602644521308028,-6.658041364701901
361,Uttar-Pradesh,1,5,1,5,0.7131678462028503,0.7556095153887977,-9.029439743316242
362,Uttar-Pradesh,1,5,1,8,0.37471458315849304,0.4331669468129627,-2.29603980513024
363,Uttar-Pradesh,1,5,1,16,0.11140687763690948,0.1263660427908367,0.7194936972100838
364,Uttar-Pradesh,1,5,1,32,0.17884887754917145,0.19899395807657266,0.3043966493913529
365,Uttar-Pradesh,1,5,2,1,0.7368088364601135,0.7744768653601135,-9.536557496661775
366,Uttar-Pradesh,1,5,2,5,0.5541419982910156,0.6033772924208574,-5.395283256486477
367,Uttar-Pradesh,1,5,2,8,0.26232850551605225,0.29965937071720855,-0.577384687824406
368,Uttar-Pradesh,1,5,2,16,0.20132575929164886,0.23288098838394028,0.04731365058775894
369,Uttar-Pradesh,1,5,2,32,0.21356402337551117,0.24304183890981165,-0.037633429442400335
370,Uttar-Pradesh,1,7,1,1,0.6199809908866882,0.6697041905789093,-7.328045362406101
371,Uttar-Pradesh,1,7,1,5,0.7187708020210266,0.7583809126784886,-9.679521534943666
372,Uttar-Pradesh,1,7,1,8,0.3990328013896942,0.45733656832963754,-2.8837285480324395
373,Uttar-Pradesh,1,7,1,16,0.12095637619495392,0.1373605310714476,0.6496509707649177
374,Uttar-Pradesh,1,7,1,32,0.19327382743358612,0.21292430716228644,0.1581639773434983
375,Uttar-Pradesh,1,7,2,1,0.7457034587860107,0.7809789950492654,-10.325457435455546
376,Uttar-Pradesh,1,7,2,5,0.5613769292831421,0.607574075845021,-5.854495795323853
377,Uttar-Pradesh,1,7,2,8,0.24932536482810974,0.2817595554828346,-0.47412495717738623
378,Uttar-Pradesh,1,7,2,16,0.2664642035961151,0.2987751134587978,-0.6575469792952628
379,Uttar-Pradesh,1,7,2,32,0.22850476205348969,0.25344119397351156,-0.19270065121502133
380,Uttar-Pradesh,1,15,1,1,0.6480046510696411,0.6842395892370439,-11.062563290990415
381,Uttar-Pradesh,1,15,1,5,0.7540105581283569,0.7817458677191804,-14.745424686173266
382,Uttar-Pradesh,1,15,1,8,0.4557666778564453,0.4963277430137342,-5.34688046616494
383,Uttar-Pradesh,1,15,1,16,0.1994493305683136,0.2119385489806548,-0.1572924772004134
384,Uttar-Pradesh,1,15,1,32,0.24395708739757538,0.2581947988994255,-0.7175847462928737
385,Uttar-Pradesh,1,15,2,1,0.7844514846801758,0.808812134963368,-15.854604254426903
386,Uttar-Pradesh,1,15,2,5,0.5941849946975708,0.6261724204324595,-9.102086152367914
387,Uttar-Pradesh,1,15,2,8,0.3342178463935852,0.3579290366819968,-2.300783726428401
388,Uttar-Pradesh,1,15,2,16,0.252147376537323,0.2688499076463549,-0.8622715821240947
389,Uttar-Pradesh,1,15,2,32,0.3249308168888092,0.3481405078714308,-2.12271487766813
390,Uttar-Pradesh,2,5,1,1,0.5204668641090393,0.5635405029830153,-4.578688876866743
391,Uttar-Pradesh,2,5,1,5,0.3333742022514343,0.3794650646810791,-1.5294462914864209
392,Uttar-Pradesh,2,5,1,8,0.3300606608390808,0.37856426733497794,-1.5174516085824954
393,Uttar-Pradesh,2,5,1,16,0.27342653274536133,0.3100810005321848,-0.689009807191201
394,Uttar-Pradesh,2,5,1,32,0.17811673879623413,0.1979823264996802,0.31145127211738843
395,Uttar-Pradesh,2,5,2,1,0.6146447658538818,0.6587290261782407,-6.6224656015247705
396,Uttar-Pradesh,2,5,2,5,0.31175684928894043,0.3527882295138248,-1.1863013537443639
397,Uttar-Pradesh,2,5,2,8,0.2964380383491516,0.3381269323219747,-1.0083594056353706
398,Uttar-Pradesh,2,5,2,16,0.21936272084712982,0.24527666139921622,-0.056803741036162814
399,Uttar-Pradesh,2,5,2,32,0.24394819140434265,0.26940995403363455,-0.2749969638242977
400,Uttar-Pradesh,2,7,1,1,0.5303791165351868,0.5710171565970714,-5.054459043029666
401,Uttar-Pradesh,2,7,1,5,0.35775256156921387,0.400284674047376,-1.9751916307386361
402,Uttar-Pradesh,2,7,1,8,0.34065720438957214,0.39082796545890536,-1.8362749006727004
403,Uttar-Pradesh,2,7,1,16,0.24815650284290314,0.2772947590500504,-0.4277769050422606
404,Uttar-Pradesh,2,7,1,32,0.20333172380924225,0.22365386730511652,0.07118363031422881
405,Uttar-Pradesh,2,7,2,1,0.6183645725250244,0.6598046850789737,-7.083655445730182
406,Uttar-Pradesh,2,7,2,5,0.32698753476142883,0.3650976730980928,-1.4751137858765824
407,Uttar-Pradesh,2,7,2,8,0.30087316036224365,0.3401694326689364,-1.1486594006471496
408,Uttar-Pradesh,2,7,2,16,0.2566726803779602,0.2866321542090738,-0.525551330851487
409,Uttar-Pradesh,2,7,2,32,0.2547825872898102,0.2772325238988033,-0.4271361493897914
410,Uttar-Pradesh,2,15,1,1,0.5755761861801147,0.6044982268936114,-8.414846868985439
411,Uttar-Pradesh,2,15,1,5,0.37781280279159546,0.4076623026178096,-3.281779600518548
412,Uttar-Pradesh,2,15,1,8,0.40754908323287964,0.44214345759851287,-4.036740812057416
413,Uttar-Pradesh,2,15,1,16,0.29628491401672363,0.31441565106692376,-1.5470151674251666
414,Uttar-Pradesh,2,15,1,32,0.20545196533203125,0.21395518613232167,-0.17942090435450564
415,Uttar-Pradesh,2,15,2,1,0.6435114741325378,0.6726294207566788,-10.656680796248994
416,Uttar-Pradesh,2,15,2,5,0.3490963578224182,0.37456260444872624,-2.6146980946704894
417,Uttar-Pradesh,2,15,2,8,0.34859055280685425,0.37440174780997043,-2.6115943049122365
418,Uttar-Pradesh,2,15,2,16,0.31854039430618286,0.33931023824587564,-1.9663139494167083
419,Uttar-Pradesh,2,15,2,32,0.30064481496810913,0.3176373326850911,-1.5994789327698982
420,Uttar-Pradesh,3,5,1,1,0.520800769329071,0.5615248174235762,-4.538852214059374
421,Uttar-Pradesh,3,5,1,5,0.26226064562797546,0.29510149001983416,-0.5297648997089346
422,Uttar-Pradesh,3,5,1,8,0.24731773138046265,0.27478962784464617,-0.3264244484751557
423,Uttar-Pradesh,3,5,1,16,0.3707788288593292,0.41959007816834637,-2.092660817853851
424,Uttar-Pradesh,3,5,1,32,0.24900181591510773,0.27574152944096936,-0.3356302624668477
425,Uttar-Pradesh,3,5,2,1,1.0454624891281128,1.072342777777021,-19.19989650031113
426,Uttar-Pradesh,3,5,2,5,0.3584285378456116,0.4081746871752652,-1.926671596561484
427,Uttar-Pradesh,3,5,2,8,0.37171557545661926,0.42831926115214,-2.2226793150736475
428,Uttar-Pradesh,3,5,2,16,0.3344012200832367,0.3775407825634054,-1.5038573886141737
429,Uttar-Pradesh,3,5,2,32,0.2679947018623352,0.3046472596225108,-0.6303333401421036
430,Uttar-Pradesh,3,7,1,1,0.518771767616272,0.5566510115875808,-4.753644318031086
431,Uttar-Pradesh,3,7,1,5,0.2690720856189728,0.2998478389339929,-0.6694709652808204
432,Uttar-Pradesh,3,7,1,8,0.24770784378051758,0.274849583388768,-0.402707716868415
433,Uttar-Pradesh,3,7,1,16,0.38089895248413086,0.4264761477527797,-2.377276015491201
434,Uttar-Pradesh,3,7,1,32,0.22749380767345428,0.25176492211932616,-0.17697555550495347
435,Uttar-Pradesh,3,7,2,1,1.0553127527236938,1.0805274621950232,-20.679469773164055
436,Uttar-Pradesh,3,7,2,5,0.36788976192474365,0.414517710234905,-2.190532690284641
437,Uttar-Pradesh,3,7,2,8,0.39691439270973206,0.44446769689126603,-2.668237279994973
438,Uttar-Pradesh,3,7,2,16,0.3515176773071289,0.3918199572319781,-1.8506908974546636
439,Uttar-Pradesh,3,7,2,32,0.31408369541168213,0.35491130422661377,-1.3389271300661387
440,Uttar-Pradesh,3,15,1,1,0.5305482745170593,0.5565163724655271,-6.97956266669558
441,Uttar-Pradesh,3,15,1,5,0.2969788908958435,0.3161112033703816,-1.5745598104049336
442,Uttar-Pradesh,3,15,1,8,0.27121177315711975,0.28327183383245846,-1.067426192346177
443,Uttar-Pradesh,3,15,1,16,0.41674837470054626,0.44563285280346754,-4.116554479701958
444,Uttar-Pradesh,3,15,1,32,0.3002637028694153,0.31211558778616444,-1.5098866860497302
445,Uttar-Pradesh,3,15,2,1,1.09839928150177,1.1159273523250133,-31.084484118864694
446,Uttar-Pradesh,3,15,2,5,0.40269961953163147,0.4325835686358877,-3.8212897644987667
447,Uttar-Pradesh,3,15,2,8,0.4234602451324463,0.4555694481849305,-4.347272787774433
448,Uttar-Pradesh,3,15,2,16,0.385347455739975,0.41352085458319593,-3.405731345501996
449,Uttar-Pradesh,3,15,2,32,0.3482174277305603,0.37293709143144266,-2.583392479773926
450,Uttar-Pradesh,4,5,1,1,0.7302654981613159,0.7690159965508193,-9.388495412524396
451,Uttar-Pradesh,4,5,1,5,0.2799121141433716,0.3230841097424315,-0.8336356976790011
452,Uttar-Pradesh,4,5,1,8,0.3843519389629364,0.4382347850682713,-2.3736153580419166
453,Uttar-Pradesh,4,5,1,16,0.12078452855348587,0.14072881945866753,0.6521051876485581
454,Uttar-Pradesh,4,5,1,32,0.19278496503829956,0.21904875585672473,0.15712449020385422
455,Uttar-Pradesh,4,5,2,1,0.7069171667098999,0.746095707276658,-8.778471378368986
456,Uttar-Pradesh,4,5,2,5,0.628588080406189,0.6716565952618725,-6.92458335784593
457,Uttar-Pradesh,4,5,2,8,0.32174137234687805,0.3698700857516061,-1.403146789252359
458,Uttar-Pradesh,4,5,2,16,0.2133777141571045,0.23452342419970731,0.0338282388096387
459,Uttar-Pradesh,4,5,2,32,0.253030389547348,0.28258823860764776,-0.4027813913438145
460,Uttar-Pradesh,4,7,1,1,0.7394624948501587,0.7758547453242344,-10.177324557766989
461,Uttar-Pradesh,4,7,1,5,0.299102783203125,0.3397606824882473,-1.1434989082921958
462,Uttar-Pradesh,4,7,1,8,0.3910865783691406,0.4416880425492632,-2.6224992977525323
463,Uttar-Pradesh,4,7,1,16,0.15150289237499237,0.1724814909268746,0.4475893547941482
464,Uttar-Pradesh,4,7,1,32,0.23070281744003296,0.25385062268590075,-0.19655729711241654
465,Uttar-Pradesh,4,7,2,1,0.7146407961845398,0.7513761213945046,-9.483150118166987
466,Uttar-Pradesh,4,7,2,5,0.6333374381065369,0.6738560546394098,-7.431625273213864
467,Uttar-Pradesh,4,7,2,8,0.402823269367218,0.4432948565487394,-2.6489038950620207
468,Uttar-Pradesh,4,7,2,16,0.24066343903541565,0.2639455293567281,-0.2936167037031774
469,Uttar-Pradesh,4,7,2,32,0.2552681267261505,0.2896912284002109,-0.5582878686494426
470,Uttar-Pradesh,4,15,1,1,0.7771594524383545,0.8024336722703314,-15.589814772377604
471,Uttar-Pradesh,4,15,1,5,0.3308568596839905,0.354684530573443,-2.2412137685111007
472,Uttar-Pradesh,4,15,1,8,0.4278486371040344,0.46138460490260025,-4.48465564010182
473,Uttar-Pradesh,4,15,1,16,0.1986161172389984,0.20912001120972165,-0.12671584435030137
474,Uttar-Pradesh,4,15,1,32,0.25645726919174194,0.27182524708172046,-0.9037187363934265
475,Uttar-Pradesh,4,15,2,1,0.7493121027946472,0.7747784174741684,-14.46600770507004
476,Uttar-Pradesh,4,15,2,5,0.6608840823173523,0.6883245855018781,-11.20702397398773
477,Uttar-Pradesh,4,15,2,8,0.4122147560119629,0.44363875136313813,-4.070866347986365
478,Uttar-Pradesh,4,15,2,16,0.23078283667564392,0.24517922547230037,-0.5487828949423827
479,Uttar-Pradesh,4,15,2,32,0.2903326153755188,0.3092495673630694,-1.4640041399881234
480,Uttar-Pradesh,5,5,1,1,1.0391879081726074,1.1077020953303314,-20.553995206842046
481,Uttar-Pradesh,5,5,1,5,0.2927902340888977,0.33164201248651526,-0.9320616143926799
482,Uttar-Pradesh,5,5,1,8,0.39309161901474,0.43978133766673827,-2.397468509140477
483,Uttar-Pradesh,5,5,1,16,0.22618317604064941,0.2539456116903855,-0.1328263332905335
484,Uttar-Pradesh,5,5,1,32,0.30099987983703613,0.3473920461151782,-1.1199303418029216
485,Uttar-Pradesh,5,5,2,1,0.5021130442619324,0.5515384204136211,-4.343593674823899
486,Uttar-Pradesh,5,5,2,5,0.38323163986206055,0.4356375629797268,-2.3337461918134776
487,Uttar-Pradesh,5,5,2,8,0.3999192416667938,0.4507572861884955,-2.5691712045606536
488,Uttar-Pradesh,5,5,2,16,0.24318735301494598,0.28650532972744275,-0.44194047890120736
489,Uttar-Pradesh,5,5,2,32,0.2863618731498718,0.3191707078629733,-0.7894845551891012
490,Uttar-Pradesh,5,7,1,1,1.078029990196228,1.1442665601235864,-23.31260111033483
491,Uttar-Pradesh,5,7,1,5,0.2989228069782257,0.3353505440609308,-1.0882142491194622
492,Uttar-Pradesh,5,7,1,8,0.3954228162765503,0.4398142538801412,-2.5918289579911926
493,Uttar-Pradesh,5,7,1,16,0.22601193189620972,0.2535538355122922,-0.1937610680276567
494,Uttar-Pradesh,5,7,1,32,0.33016279339790344,0.3704451061991321,-1.5481484127173193
495,Uttar-Pradesh,5,7,2,1,0.5096701979637146,0.5561718757287524,-4.743744281303839
496,Uttar-Pradesh,5,7,2,5,0.40073204040527344,0.4530784155478363,-2.8117444654174797
497,Uttar-Pradesh,5,7,2,8,0.3996017277240753,0.45357954312479687,-2.8201811663730405
498,Uttar-Pradesh,5,7,2,16,0.2866043150424957,0.3234267039501298,-0.9423558041880038
499,Uttar-Pradesh,5,7,2,32,0.2752920687198639,0.3141462475345371,-0.8324865109104587
500,Uttar-Pradesh,5,15,1,1,1.1549255847930908,1.2018210044947573,-36.213693707528215
501,Uttar-Pradesh,5,15,1,5,0.33303675055503845,0.3574810500224382,-2.2925261788543674
502,Uttar-Pradesh,5,15,1,8,0.42963680624961853,0.45722960381879435,-4.386317311279621
503,Uttar-Pradesh,5,15,1,16,0.2851272523403168,0.30040901236939166,-1.3251401096168771
504,Uttar-Pradesh,5,15,1,32,0.3454626500606537,0.3712043998790464,-2.550172361154951
505,Uttar-Pradesh,5,15,2,1,0.5438926815986633,0.576118027061994,-7.551576068776816
506,Uttar-Pradesh,5,15,2,5,0.44557976722717285,0.4767048107348601,-4.854937826861211
507,Uttar-Pradesh,5,15,2,8,0.4856807589530945,0.5219456208010367,-6.018975407452044
508,Uttar-Pradesh,5,15,2,16,0.3180848956108093,0.33754979843514477,-1.9356139169799178
509,Uttar-Pradesh,5,15,2,32,0.3141501545906067,0.33988633382306144,-1.9763951705586646
510,Uttar-Pradesh,6,5,1,1,0.5418063402175903,0.5907556419603588,-5.130524586897829
511,Uttar-Pradesh,6,5,1,5,0.3623533546924591,0.40383663795075253,-1.8647932806450305
512,Uttar-Pradesh,6,5,1,8,0.43976619839668274,0.4846542384124161,-3.1261584904967004
513,Uttar-Pradesh,6,5,1,16,0.2345465123653412,0.2520464790742676,-0.11594579290895046
514,Uttar-Pradesh,6,5,1,32,0.12392418086528778,0.15921787084836517,0.5546868836372182
515,Uttar-Pradesh,6,5,2,1,0.459224671125412,0.5159944020252268,-3.677047998045171
516,Uttar-Pradesh,6,5,2,5,0.2931087613105774,0.3469816907269624,-1.1149250088535547
517,Uttar-Pradesh,6,5,2,8,0.32176434993743896,0.36218804797969567,-1.3043587170050195
518,Uttar-Pradesh,6,5,2,16,0.28452080488204956,0.319205219450711,-0.7898716372586319
519,Uttar-Pradesh,6,5,2,32,0.2801051139831543,0.316651120034277,-0.7613429828100895
520,Uttar-Pradesh,6,7,1,1,0.5421649813652039,0.5878300936640015,-5.416241257117113
521,Uttar-Pradesh,6,7,1,5,0.3740706443786621,0.40734726102813484,-2.081105663271185
522,Uttar-Pradesh,6,7,1,8,0.47520115971565247,0.5155094190582473,-3.934581097677796
523,Uttar-Pradesh,6,7,1,16,0.23375624418258667,0.2547855703248899,-0.2053874784693026
524,Uttar-Pradesh,6,7,1,32,0.13379935920238495,0.15502589665085773,0.5537425045662706
525,Uttar-Pradesh,6,7,2,1,0.46172401309013367,0.5144219958967948,-3.913784329790116
526,Uttar-Pradesh,6,7,2,5,0.3070838451385498,0.35542003591236665,-1.3456369857711072
527,Uttar-Pradesh,6,7,2,8,0.3315369486808777,0.37229400078302055,-1.5736476470727525
528,Uttar-Pradesh,6,7,2,16,0.28039979934692383,0.31357531314208625,-0.8258316858023926
529,Uttar-Pradesh,6,7,2,32,0.3372804820537567,0.36877914168084336,-1.5252811109018172
530,Uttar-Pradesh,6,15,1,1,0.5880181789398193,0.6246361865694108,-9.052578193730398
531,Uttar-Pradesh,6,15,1,5,0.46213215589523315,0.4943928583683701,-5.297491694663674
532,Uttar-Pradesh,6,15,1,8,0.5352674126625061,0.5603745092491504,-7.090585444502739
533,Uttar-Pradesh,6,15,1,16,0.24955935776233673,0.2587720181592325,-0.7252730142211006
534,Uttar-Pradesh,6,15,1,32,0.20660316944122314,0.21980848692462113,-0.24483583820685162
535,Uttar-Pradesh,6,15,2,1,0.4982760548591614,0.5340435963561313,-6.348126827372927
536,Uttar-Pradesh,6,15,2,5,0.3460371494293213,0.37968206127023374,-2.7141836804002653
537,Uttar-Pradesh,6,15,2,8,0.3873108923435211,0.41529963672198605,-3.443715911261039
538,Uttar-Pradesh,6,15,2,16,0.33886343240737915,0.35998030148363036,-2.3387253135685664
539,Uttar-Pradesh,6,15,2,32,0.34284597635269165,0.3649101654310485,-2.430797729107372
540,Kerala,1,5,1,1,0.6389952301979065,0.679567764960707,-8.730184219431237
541,Kerala,1,5,1,5,0.661596953868866,0.6997109284595213,-9.315561111014794
542,Kerala,1,5,1,8,0.281372606754303,0.35416249899188484,-1.6427781667363046
543,Kerala,1,5,1,16,0.08902484178543091,0.11343366957994012,0.7288937468448133
544,Kerala,1,5,1,32,0.05710779130458832,0.06772835906085153,0.9033511587554343
545,Kerala,1,5,2,1,0.6561288833618164,0.6913515274030427,-9.070554771190551
546,Kerala,1,5,2,5,0.5610133409500122,0.6018332578022875,-6.631464748716806
547,Kerala,1,5,2,8,0.16890782117843628,0.20845627236940736,0.08444273320951301
548,Kerala,1,5,2,16,0.16931968927383423,0.2022601661962173,0.13806147122441847
549,Kerala,1,5,2,32,0.09151676297187805,0.12000082939576581,0.6965940608277663
550,Kerala,1,7,1,1,0.6475570797920227,0.6876522459170576,-9.193580581192526
551,Kerala,1,7,1,5,0.667245626449585,0.704275990545172,-9.692390423203523
552,Kerala,1,7,1,8,0.2766643464565277,0.34766469366556746,-1.605614952346063
553,Kerala,1,7,1,16,0.10366474837064743,0.12937977544752233,0.639154045298816
554,Kerala,1,7,1,32,0.07839930802583694,0.08758552365183575,0.8346311464892772
555,Kerala,1,7,2,1,0.6620998978614807,0.6962505827512648,-9.450093677305457
556,Kerala,1,7,2,5,0.564586877822876,0.6042993142313635,-6.872148543516729
557,Kerala,1,7,2,8,0.15365761518478394,0.18902731757252406,0.229738544985424
558,Kerala,1,7,2,16,0.1468845009803772,0.18418050909415334,0.2687323282994265
559,Kerala,1,7,2,32,0.15060357749462128,0.18532897803587298,0.2595841421131868
560,Kerala,1,15,1,1,0.6621248126029968,0.697812226769906,-10.960422071307109
561,Kerala,1,15,1,5,0.6913415193557739,0.7229910410092497,-11.839117536915214
562,Kerala,1,15,1,8,0.3213989734649658,0.37988465610243116,-2.544646149776235
563,Kerala,1,15,1,16,0.12329985946416855,0.1405785669385767,0.514591285856207
564,Kerala,1,15,1,32,0.10140993446111679,0.11919687069101118,0.6510212027505051
565,Kerala,1,15,2,1,0.6889872550964355,0.7179249713821052,-11.65981694887909
566,Kerala,1,15,2,5,0.5823758840560913,0.6164078193905654,-8.332664419239812
567,Kerala,1,15,2,8,0.19059720635414124,0.22458092882559486,-0.23883969636096203
568,Kerala,1,15,2,16,0.18053753674030304,0.20662580231431757,-0.048669136054663165
569,Kerala,1,15,2,32,0.18453821539878845,0.21595074953870802,-0.14545705600746373
570,Kerala,2,5,1,1,0.5602579712867737,0.5936061785331403,-6.424246661650201
571,Kerala,2,5,1,5,0.2522892355918884,0.3034802262763516,-0.940512119259985
572,Kerala,2,5,1,8,0.2412024587392807,0.3002910955107033,-0.8999424361470305
573,Kerala,2,5,1,16,0.16721706092357635,0.19969143608404805,0.15981589237468186
574,Kerala,2,5,1,32,0.09868049621582031,0.11390792222751285,0.7266220850150851
575,Kerala,2,5,2,1,0.6275615096092224,0.6633281686676028,-8.270697648341711
576,Kerala,2,5,2,5,0.2533024847507477,0.29701636111023605,-0.8587301441873281
577,Kerala,2,5,2,8,0.20539866387844086,0.25186507586482,-0.3365691691132122
578,Kerala,2,5,2,16,0.17377163469791412,0.21241614636703807,0.049328123354805964
579,Kerala,2,5,2,32,0.1740981936454773,0.2059621648388327,0.10622035342892522
580,Kerala,2,7,1,1,0.572906494140625,0.6058616101969568,-6.912903312891373
581,Kerala,2,7,1,5,0.2724156677722931,0.32141347406898657,-1.226984334068757
582,Kerala,2,7,1,8,0.2559067904949188,0.3121690547446642,-1.100722670382559
583,Kerala,2,7,1,16,0.20355738699436188,0.23148435754225552,-0.15513406920809936
584,Kerala,2,7,1,32,0.13282328844070435,0.15012704366727012,0.5141447353440542
585,Kerala,2,7,2,1,0.6284408569335938,0.6630859375,-8.478260399486414
586,Kerala,2,7,2,5,0.2605494558811188,0.3041309384151545,-0.9939314916879725
587,Kerala,2,7,2,8,0.238167867064476,0.2837721271541876,-0.7359151256762515
588,Kerala,2,7,2,16,0.19547690451145172,0.23505519869246047,-0.1910466878638879
589,Kerala,2,7,2,32,0.17409227788448334,0.20401480076370568,0.10275221363832787
590,Kerala,2,15,1,1,0.6086670160293579,0.6387284746667617,-9.020787857513028
591,Kerala,2,15,1,5,0.27148255705833435,0.31187771589591173,-1.389120391197487
592,Kerala,2,15,1,8,0.2723290026187897,0.32076291074138197,-1.527188663906525
593,Kerala,2,15,1,16,0.1907499134540558,0.21918265947642931,-0.17999930947618048
594,Kerala,2,15,1,32,0.14275839924812317,0.1614243269045395,0.35995972444348623
595,Kerala,2,15,2,1,0.6383876800537109,0.6679058826152634,-9.957207892284119
596,Kerala,2,15,2,5,0.2766723334789276,0.3142464118250413,-1.4255488632703495
597,Kerala,2,15,2,8,0.23853245377540588,0.27746608883483487,-0.8909897236626814
598,Kerala,2,15,2,16,0.1982877552509308,0.23135953834843775,-0.3147529777637106
599,Kerala,2,15,2,32,0.1912635862827301,0.22061409462676618,-0.19546208981368385
600,Kerala,3,5,1,1,0.5219628214836121,0.5535913301221741,-5.4570496084254545
601,Kerala,3,5,1,5,0.1734676957130432,0.2097684732169178,0.07287992815165767
602,Kerala,3,5,1,8,0.1590101271867752,0.1908630135900223,0.23246338260468524
603,Kerala,3,5,1,16,0.26694920659065247,0.33013336577137664,-1.2963305805338097
604,Kerala,3,5,1,32,0.14293792843818665,0.17033124260620866,0.38871438841934125
605,Kerala,3,5,2,1,0.9406119585037231,0.9655115696724015,-18.64131372698992
606,Kerala,3,5,2,5,0.2822302281856537,0.33671309517274167,-1.3887767428093611
607,Kerala,3,5,2,8,0.25496575236320496,0.31237360066928194,-1.0559104705875768
608,Kerala,3,5,2,16,0.2396157830953598,0.2961934699273718,-0.8484449123459306
609,Kerala,3,5,2,32,0.1944032460451126,0.23116684913650973,-0.12591772513651067
610,Kerala,3,7,1,1,0.5235847234725952,0.5536684426984065,-5.608282653675856
611,Kerala,3,7,1,5,0.18160635232925415,0.2175523208438477,-0.020273249655922587
612,Kerala,3,7,1,8,0.1681232452392578,0.1979964099821074,0.15490856806545406
613,Kerala,3,7,1,16,0.2766816318035126,0.33708722736897745,-1.4494787813523802
614,Kerala,3,7,1,32,0.13726282119750977,0.1613336813849627,0.4389014764552944
615,Kerala,3,7,2,1,0.9475271105766296,0.9716976605003925,-19.3540732967892
616,Kerala,3,7,2,5,0.29464712738990784,0.3454360900409788,-1.5723169425223418
617,Kerala,3,7,2,8,0.26800262928009033,0.3219424158623386,-1.2343202191942724
618,Kerala,3,7,2,16,0.24965091049671173,0.30658128492253933,-1.026190726024578
619,Kerala,3,7,2,32,0.22027398645877838,0.2628397774800369,-0.48926228299107466
620,Kerala,3,15,1,1,0.5365749597549438,0.5616507211802636,-6.748220971118718
621,Kerala,3,15,1,5,0.19477292895317078,0.22362244261307623,-0.22828768016609358
622,Kerala,3,15,1,8,0.1839333474636078,0.2059927029057981,-0.04225271584042267
623,Kerala,3,15,1,16,0.30334025621414185,0.3528140994999514,-2.057463241516111
624,Kerala,3,15,1,32,0.12329652160406113,0.13902890222778874,0.5252340470708022
625,Kerala,3,15,2,1,0.9781478643417358,0.9987422663039515,-23.500572199408445
626,Kerala,3,15,2,5,0.30616265535354614,0.34914405587184333,-1.9941851005574787
627,Kerala,3,15,2,8,0.2917989492416382,0.3359385867433935,-1.7719737707552432
628,Kerala,3,15,2,16,0.2747245728969574,0.314984198923259,-1.4369515738993388
629,Kerala,3,15,2,32,0.21277368068695068,0.24608808087070969,-0.4874779342788569
630,Kerala,4,5,1,1,0.6611083149909973,0.6974042439446219,-9.24766041596326
631,Kerala,4,5,1,5,0.21420904994010925,0.2657448974856983,-0.48793999611237826
632,Kerala,4,5,1,8,0.3209875822067261,0.3772293027833777,-1.9982400440119314
633,Kerala,4,5,1,16,0.08044147491455078,0.09641914711102213,0.8041235774485969
634,Kerala,4,5,1,32,0.09118148684501648,0.11352196144749464,0.7284715705929514
635,Kerala,4,5,2,1,0.6503099799156189,0.6858314944930549,-8.910383039167202
636,Kerala,4,5,2,5,0.6315906643867493,0.6683632650434947,-8.411972998699872
637,Kerala,4,5,2,8,0.19338452816009521,0.2523034639353952,-0.34122604997889083
638,Kerala,4,5,2,16,0.0779646635055542,0.10412445156684551,0.7715658463515828
639,Kerala,4,5,2,32,0.11653666198253632,0.14988078978214814,0.5266880112699679
640,Kerala,4,7,1,1,0.6679210066795349,0.7032950725438674,-9.662626820635156
641,Kerala,4,7,1,5,0.22353067994117737,0.2732229753656424,-0.6092497571160618
642,Kerala,4,7,1,8,0.3250768482685089,0.37983346339066343,-2.110108204730375
643,Kerala,4,7,1,16,0.07721643894910812,0.09295085205772081,0.8137502083827528
644,Kerala,4,7,1,32,0.1347365379333496,0.1580420781103887,0.4615634818323586
645,Kerala,4,7,2,1,0.6556301712989807,0.6901010813134277,-9.266312238071807
646,Kerala,4,7,2,5,0.6391568779945374,0.6751061523821099,-8.825013769169399
647,Kerala,4,7,2,8,0.28664419054985046,0.33593314190189005,-1.4327347481356623
648,Kerala,4,7,2,16,0.07003090530633926,0.0937546838146653,0.8105149403788534
649,Kerala,4,7,2,32,0.14335456490516663,0.17425538178291888,0.3454219184281394
650,Kerala,4,15,1,1,0.6953043937683105,0.7255444521230459,-11.929968088206365
651,Kerala,4,15,1,5,0.2438184767961502,0.2863795287657912,-1.0144352709291948
652,Kerala,4,15,1,8,0.34179243445396423,0.3889298277926829,-2.7154536610911912
653,Kerala,4,15,1,16,0.1058446392416954,0.12731433979300624,0.6018708345144853
654,Kerala,4,15,1,32,0.11815360933542252,0.14032470243319806,0.5163428558239587
655,Kerala,4,15,2,1,0.6798585653305054,0.7091688016089083,-11.352890881067783
656,Kerala,4,15,2,5,0.6492462754249573,0.6794720889345738,-10.339988252466688
657,Kerala,4,15,2,8,0.3126557767391205,0.35428527173743096,-2.0830146540705377
658,Kerala,4,15,2,16,0.12063054740428925,0.14320525634478165,0.49628221976527553
659,Kerala,4,15,2,32,0.16123293340206146,0.18297695481939236,0.17763958813719372
660,Kerala,5,5,1,1,0.8786245584487915,0.9560812770119056,-18.259508255234103
661,Kerala,5,5,1,5,0.1685604453086853,0.21329821494683893,0.0414164434789126
662,Kerala,5,5,1,8,0.31819647550582886,0.3712570232793088,-1.9040554457773777
663,Kerala,5,5,1,16,0.1274486780166626,0.16013227260022328,0.45972695964801
664,Kerala,5,5,1,32,0.127519428730011,0.16121940020270942,0.452366341916948
665,Kerala,5,5,2,1,0.4783077538013458,0.5201279504789036,-4.700014354362188
666,Kerala,5,5,2,5,0.26463833451271057,0.3231249247943783,-1.1998672939653825
667,Kerala,5,5,2,8,0.3384245038032532,0.40393142031486134,-2.4377228404632385
668,Kerala,5,5,2,16,0.1455555558204651,0.1804760857119165,0.31373017527560854
669,Kerala,5,5,2,32,0.16233046352863312,0.21228287943665738,0.05052076109493764
670,Kerala,5,7,1,1,0.9030889868736267,0.9814314352544249,-19.76390268176666
671,Kerala,5,7,1,5,0.16785170137882233,0.21262367380211905,0.025431744835723635
672,Kerala,5,7,1,8,0.32308119535446167,0.3736033059576846,-2.0089185910594565
673,Kerala,5,7,1,16,0.13062895834445953,0.1630591581823884,0.42683531243878314
674,Kerala,5,7,1,32,0.15588746964931488,0.18733397723201253,0.24347697924741563
675,Kerala,5,7,2,1,0.4811413884162903,0.5222799968239965,-4.880251138720242
676,Kerala,5,7,2,5,0.27208271622657776,0.33024158606181514,-1.3509998928111377
677,Kerala,5,7,2,8,0.33027487993240356,0.38925696189622827,-2.2663433161477746
678,Kerala,5,7,2,16,0.11569177359342575,0.1532312182920781,0.4938449810531361
679,Kerala,5,7,2,32,0.13988594710826874,0.17558913328765313,0.33536331248033546
680,Kerala,5,15,1,1,0.959599494934082,1.0288146190349192,-24.998219937570386
681,Kerala,5,15,1,5,0.1840028315782547,0.22366257848416857,-0.22872871076899592
682,Kerala,5,15,1,8,0.3307197690010071,0.3741667749231999,-2.4387435206189085
683,Kerala,5,15,1,16,0.14172422885894775,0.16763840949281364,0.30973408998883334
684,Kerala,5,15,1,32,0.17009206116199493,0.19887391333220197,0.02853980279222046
685,Kerala,5,15,2,1,0.4987671375274658,0.5345346781094684,-6.01812512785043
686,Kerala,5,15,2,5,0.5230000019073486,0.5639455024077895,-6.811665147607371
687,Kerala,5,15,2,8,0.3651561141014099,0.42007844357002244,-3.33441148844566
688,Kerala,5,15,2,16,0.20351019501686096,0.24191253958527173,-0.43742805559750075
689,Kerala,5,15,2,32,0.22797444462776184,0.2539283155976904,-0.5837682357794567
690,Kerala,6,5,1,1,0.5260629653930664,0.565105602303599,-5.728445985451175
691,Kerala,6,5,1,5,0.32047000527381897,0.367982065563269,-1.853046705479212
692,Kerala,6,5,1,8,0.28844153881073,0.34912862702891856,-1.568186101510617
693,Kerala,6,5,1,16,0.04002803564071655,0.04969963279104312,0.9479570458050465
694,Kerala,6,5,1,32,0.056223709136247635,0.06398021353182728,0.9137524221496587
695,Kerala,6,5,2,1,0.4066751301288605,0.46135288853603573,-3.4845825328322126
696,Kerala,6,5,2,5,0.18872696161270142,0.24411670567641403,-0.25559784657975326
697,Kerala,6,5,2,8,0.1386135369539261,0.18713503325186215,0.2621538803399399
698,Kerala,6,5,2,16,0.14446520805358887,0.1827577672030531,0.29626805528601796
699,Kerala,6,5,2,32,0.14941073954105377,0.1894706540994351,0.24362096296920488
700,Kerala,6,7,1,1,0.527061402797699,0.5640866366899407,-5.859313943464513
701,Kerala,6,7,1,5,0.38323840498924255,0.43093965323769856,-3.0033348258543393
702,Kerala,6,7,1,8,0.29141566157341003,0.3498608308228319,-1.6386373115182922
703,Kerala,6,7,1,16,0.053836043924093246,0.06255125387998632,0.9156546541525428
704,Kerala,6,7,1,32,0.04122448340058327,0.05302772785279488,0.9393829164474699
705,Kerala,6,7,2,1,0.40004396438598633,0.4543387665134526,-3.4498837021423023
706,Kerala,6,7,2,5,0.19047512114048004,0.24246323178955695,-0.26730403179478324
707,Kerala,6,7,2,8,0.11695852875709534,0.14881777364421692,0.5225821637972828
708,Kerala,6,7,2,16,0.14309494197368622,0.17221845102016003,0.36063569119628414
709,Kerala,6,7,2,32,0.1352003514766693,0.1568406326427259,0.4697188183819424
710,Kerala,6,15,1,1,0.560699462890625,0.6027308920699707,-7.923110772399678
711,Kerala,6,15,1,5,0.40858015418052673,0.4485696332103103,-3.9422997336886896
712,Kerala,6,15,1,8,0.33149901032447815,0.37834960319948924,-2.5160571511187717
713,Kerala,6,15,1,16,0.07536554336547852,0.0826191103826452,0.832339652185844
714,Kerala,6,15,1,32,0.07535263895988464,0.08254291270889907,0.8326487598737058
715,Kerala,6,15,2,1,0.41479700803756714,0.46126924311807405,-4.226107796408922
716,Kerala,6,15,2,5,0.22296054661273956,0.26730626628832604,-0.7550426974724072
717,Kerala,6,15,2,8,0.1358308494091034,0.1764936053212485,0.2348839791855547
718,Kerala,6,15,2,16,0.19533252716064453,0.222140928865638,-0.21206663003668402
719,Kerala,6,15,2,32,0.1940188705921173,0.21932394652229403,-0.18152101345810157
720,Tamil-Nadu,1,5,1,1,0.45546671748161316,0.5209375436161529,-3.9470941175527203
721,Tamil-Nadu,1,5,1,5,0.5444634556770325,0.5970395465544924,-5.49807953214953
722,Tamil-Nadu,1,5,1,8,0.2517896294593811,0.33258476121664926,-1.0164317232794113
723,Tamil-Nadu,1,5,1,16,0.09101217985153198,0.1208271660820344,0.7338613012492032
724,Tamil-Nadu,1,5,1,32,0.10494454950094223,0.13065156520500112,0.6888225648423032
725,Tamil-Nadu,1,5,2,1,0.586467981338501,0.6315063843483673,-6.269998908688718
726,Tamil-Nadu,1,5,2,5,0.40904930233955383,0.47137453937937934,-3.05052277774967
727,Tamil-Nadu,1,5,2,8,0.17554916441440582,0.22107317798462872,0.10905476179623885
728,Tamil-Nadu,1,5,2,16,0.13200582563877106,0.16933739649442203,0.4772613594602485
729,Tamil-Nadu,1,5,2,32,0.1526133269071579,0.1935193045847307,0.3173038030986348
730,Tamil-Nadu,1,7,1,1,0.46187570691108704,0.5271985171918754,-4.143907757252452
731,Tamil-Nadu,1,7,1,5,0.5482826232910156,0.5995454536686184,-5.652563427224579
732,Tamil-Nadu,1,7,1,8,0.27178654074668884,0.3512528433294368,-1.283412981419262
733,Tamil-Nadu,1,7,1,16,0.08814739435911179,0.11249146064827086,0.765801590675224
734,Tamil-Nadu,1,7,1,32,0.07892563939094543,0.09397031308647934,0.836572126711055
735,Tamil-Nadu,1,7,2,1,0.5921340584754944,0.6361251357414414,-6.489105207487422
736,Tamil-Nadu,1,7,2,5,0.412814736366272,0.4738238234611673,-3.1550724099482714
737,Tamil-Nadu,1,7,2,8,0.18887124955654144,0.2391150535213828,-0.058177769753186226
738,Tamil-Nadu,1,7,2,16,0.17292313277721405,0.21175046838024,0.17016154167996356
739,Tamil-Nadu,1,7,2,32,0.1531802862882614,0.20038620756162132,0.2568432594442427
740,Tamil-Nadu,1,15,1,1,0.4722645878791809,0.5326772199258905,-4.713082349533439
741,Tamil-Nadu,1,15,1,5,0.5692486763000488,0.6152000780991007,-6.620351198667957
742,Tamil-Nadu,1,15,1,8,0.3049187660217285,0.37436399567850537,-1.821826681009762
743,Tamil-Nadu,1,15,1,16,0.09786541759967804,0.1201337593556309,0.7094155699201494
744,Tamil-Nadu,1,15,1,32,0.18453636765480042,0.21249600680189648,0.09083280033527086
745,Tamil-Nadu,1,15,2,1,0.6178051829338074,0.6567717249413251,-7.685025955582384
746,Tamil-Nadu,1,15,2,5,0.4307739734649658,0.4851441736607234,-3.738968756860065
747,Tamil-Nadu,1,15,2,8,0.2143903225660324,0.25242083408491744,-0.2828994528730153
748,Tamil-Nadu,1,15,2,16,0.15350663661956787,0.1894683831746311,0.27720406100590933
749,Tamil-Nadu,1,15,2,32,0.21838219463825226,0.26521010814551343,-0.4161926911733036
750,Tamil-Nadu,2,5,1,1,0.39221954345703125,0.44877444976357245,-2.6714289997319005
751,Tamil-Nadu,2,5,1,5,0.23843257129192352,0.30044814651636176,-0.6455758971653982
752,Tamil-Nadu,2,5,1,8,0.2324930876493454,0.29570057362674007,-0.5939812526413331
753,Tamil-Nadu,2,5,1,16,0.17733106017112732,0.21965073866692836,0.12048303683235262
754,Tamil-Nadu,2,5,1,32,0.12620598077774048,0.1479334177574857,0.6010564297382569
755,Tamil-Nadu,2,5,2,1,0.45097601413726807,0.5078061910384085,-3.700833261436628
756,Tamil-Nadu,2,5,2,5,0.19800101220607758,0.25543232579377495,-0.18940735421352706
757,Tamil-Nadu,2,5,2,8,0.19006143510341644,0.24300919622368553,-0.07652540278926412
758,Tamil-Nadu,2,5,2,16,0.15006481111049652,0.19150337363115055,0.33145328288761255
759,Tamil-Nadu,2,5,2,32,0.16148076951503754,0.20146850826686194,0.260065616315999
760,Tamil-Nadu,2,7,1,1,0.39869576692581177,0.4544707079681732,-2.8225798363653225
761,Tamil-Nadu,2,7,1,5,0.22667865455150604,0.288473147073103,-0.5401235412610228
762,Tamil-Nadu,2,7,1,8,0.23143865168094635,0.29905411645744123,-0.6551766789328184
763,Tamil-Nadu,2,7,1,16,0.1778787225484848,0.2161235146700386,0.13553210593232634
764,Tamil-Nadu,2,7,1,32,0.14084815979003906,0.17141862990600829,0.4561729086524354
765,Tamil-Nadu,2,7,2,1,0.45394667983055115,0.5096224879861861,-3.8066438971832435
766,Tamil-Nadu,2,7,2,5,0.2262662947177887,0.27845473138769566,-0.435006939612413
767,Tamil-Nadu,2,7,2,8,0.20227207243442535,0.25236337366951966,-0.17868415632991108
768,Tamil-Nadu,2,7,2,16,0.14002107083797455,0.17722429714222251,0.41871206071310463
769,Tamil-Nadu,2,7,2,32,0.14164380729198456,0.17308648626971865,0.44553883256897164
770,Tamil-Nadu,2,15,1,1,0.4252142906188965,0.4766771303736781,-3.5749975644434944
771,Tamil-Nadu,2,15,1,5,0.2515847086906433,0.3037090485443543,-0.8571958059728346
772,Tamil-Nadu,2,15,1,8,0.25663432478904724,0.3144047148977677,-0.9903079982011884
773,Tamil-Nadu,2,15,1,16,0.19858811795711517,0.23222940954928759,-0.08586702216112219
774,Tamil-Nadu,2,15,1,32,0.1626492291688919,0.18545270839178016,0.30751787820502063
775,Tamil-Nadu,2,15,2,1,0.46906572580337524,0.5192976117921564,-4.429687755058911
776,Tamil-Nadu,2,15,2,5,0.23797845840454102,0.28581837637687263,-0.6448356519330942
777,Tamil-Nadu,2,15,2,8,0.23025617003440857,0.2767891240898735,-0.5425535872967198
778,Tamil-Nadu,2,15,2,16,0.18442396819591522,0.2230953521291602,-0.0021281283152527752
779,Tamil-Nadu,2,15,2,32,0.2024652510881424,0.2324121537299278,-0.08757662662850607
780,Tamil-Nadu,3,5,1,1,0.38110214471817017,0.4344657514987661,-2.4410424577843273
781,Tamil-Nadu,3,5,1,5,0.18245956301689148,0.22689379115089459,0.06152203875022033
782,Tamil-Nadu,3,5,1,8,0.16059426963329315,0.1946492760119826,0.3093079773176448
783,Tamil-Nadu,3,5,1,16,0.24420808255672455,0.30984595509108515,-0.7501308639944138
784,Tamil-Nadu,3,5,1,32,0.1363474577665329,0.16748586262283296,0.488630091253078
785,Tamil-Nadu,3,5,2,1,0.9073331356048584,0.937074819152699,-15.007643506088964
786,Tamil-Nadu,3,5,2,5,0.2546243965625763,0.3153689063122677,-0.8130786794703544
787,Tamil-Nadu,3,5,2,8,0.2666760981082916,0.33136460193190564,-1.0016637021436736
788,Tamil-Nadu,3,5,2,16,0.2187248170375824,0.2764134183032864,-0.39282683933739926
789,Tamil-Nadu,3,5,2,32,0.19193287193775177,0.24214358085368645,-0.06886965275982027
790,Tamil-Nadu,3,7,1,1,0.3791826367378235,0.4311792142796016,-2.4408080692742797
791,Tamil-Nadu,3,7,1,5,0.19250530004501343,0.23503125819847967,-0.02234165290632628
792,Tamil-Nadu,3,7,1,8,0.16001053154468536,0.19612326190961202,0.2881262175193168
793,Tamil-Nadu,3,7,1,16,0.25556832551956177,0.31788145361922104,-0.8701448392544435
794,Tamil-Nadu,3,7,1,32,0.14587447047233582,0.18038925715572607,0.3977648107327707
795,Tamil-Nadu,3,7,2,1,0.9141151905059814,0.9432069011540918,-15.464885494814318
796,Tamil-Nadu,3,7,2,5,0.2619020640850067,0.32192993019415717,-0.9180835678251822
797,Tamil-Nadu,3,7,2,8,0.28183138370513916,0.34435925894276215,-1.1946654348797359
798,Tamil-Nadu,3,7,2,16,0.22636590898036957,0.2831303864823506,-0.4836031495130595
799,Tamil-Nadu,3,7,2,32,0.1763172596693039,0.21873130037217942,0.11454467909088051
800,Tamil-Nadu,3,15,1,1,0.3870377242565155,0.433731383740428,-2.7877727091820286
801,Tamil-Nadu,3,15,1,5,0.20814946293830872,0.2443467910027043,-0.20214123232404546
802,Tamil-Nadu,3,15,1,8,0.1951562464237213,0.2223050208282787,0.004959500607815692
803,Tamil-Nadu,3,15,1,16,0.278227299451828,0.3290888503701258,-1.1805626157349636
804,Tamil-Nadu,3,15,1,32,0.20710968971252441,0.23339128682822327,-0.09675962730220355
805,Tamil-Nadu,3,15,2,1,0.9439154863357544,0.9698671237150319,-17.939421878321667
806,Tamil-Nadu,3,15,2,5,0.2831062078475952,0.334817961493207,-1.2571464515660726
807,Tamil-Nadu,3,15,2,8,0.3041425943374634,0.35935422588510596,-1.6000863743335612
808,Tamil-Nadu,3,15,2,16,0.2735331654548645,0.319878819587803,-1.0602178619050182
809,Tamil-Nadu,3,15,2,32,0.20064716041088104,0.2439390876531675,-0.19813297386350914
810,Tamil-Nadu,4,5,1,1,0.5737332105636597,0.6207316080595802,-6.02403363179023
811,Tamil-Nadu,4,5,1,5,0.20343026518821716,0.2565034665297336,-0.1994036397641008
812,Tamil-Nadu,4,5,1,8,0.27136003971099854,0.33972530931897604,-1.1039464455434835
813,Tamil-Nadu,4,5,1,16,0.15956997871398926,0.18903516106730367,0.3485755037773519
814,Tamil-Nadu,4,5,1,32,0.1533605307340622,0.18920018329455227,0.34743771132542245
815,Tamil-Nadu,4,5,2,1,0.5467067956924438,0.5947637186204009,-5.4486355254516114
816,Tamil-Nadu,4,5,2,5,0.47110870480537415,0.5279324671551812,-4.080840741099617
817,Tamil-Nadu,4,5,2,8,0.24888142943382263,0.29533907452859187,-0.5900862499762214
818,Tamil-Nadu,4,5,2,16,0.18977592885494232,0.2228554453666153,0.09463151005080683
819,Tamil-Nadu,4,5,2,32,0.176044762134552,0.21259897710891876,0.1760493493483133
820,Tamil-Nadu,4,7,1,1,0.5793909430503845,0.6254822777631972,-6.240603938937068
821,Tamil-Nadu,4,7,1,5,0.21932068467140198,0.2687150511085032,-0.3363763159604307
822,Tamil-Nadu,4,7,1,8,0.27599120140075684,0.34289534484924594,-1.1760455324594115
823,Tamil-Nadu,4,7,1,16,0.13133780658245087,0.1681308352422067,0.47683396243643683
824,Tamil-Nadu,4,7,1,32,0.16916979849338531,0.20185431677088644,0.24591401958227832
825,Tamil-Nadu,4,7,2,1,0.5515536665916443,0.5985348545097976,-5.630155281964661
826,Tamil-Nadu,4,7,2,5,0.47260406613349915,0.5281094960752878,-4.161699591244889
827,Tamil-Nadu,4,7,2,8,0.2945398986339569,0.3500631041348759,-1.2679707997730119
828,Tamil-Nadu,4,7,2,16,0.16067203879356384,0.18985454073406924,0.33290642213721855
829,Tamil-Nadu,4,7,2,32,0.20157575607299805,0.24430921455695878,-0.10464953833495927
830,Tamil-Nadu,4,15,1,1,0.6040700674057007,0.6452679209978806,-7.383441739409642
831,Tamil-Nadu,4,15,1,5,0.24538584053516388,0.2899969051047956,-0.6932806170166395
832,Tamil-Nadu,4,15,1,8,0.30497053265571594,0.36106834351953415,-1.6249501915981548
833,Tamil-Nadu,4,15,1,16,0.15724697709083557,0.18074903809488013,0.342199475747917
834,Tamil-Nadu,4,15,1,32,0.19344493746757507,0.21819209582095211,0.041437944774938895
835,Tamil-Nadu,4,15,2,1,0.5730630159378052,0.6148715447974175,-6.612214359782568
836,Tamil-Nadu,4,15,2,5,0.49308663606643677,0.5425681962600886,-4.927217696110979
837,Tamil-Nadu,4,15,2,8,0.31494811177253723,0.36156130303371853,-1.6321225463512272
838,Tamil-Nadu,4,15,2,16,0.1907375603914261,0.21972884282942168,0.027887901026735107
839,Tamil-Nadu,4,15,2,32,0.1848573237657547,0.21686960838882588,0.0530226179757346
840,Tamil-Nadu,5,5,1,1,0.8191359043121338,0.9082822375552211,-14.039053680398144
841,Tamil-Nadu,5,5,1,5,0.243489608168602,0.29310402608066366,-0.5661106467758668
842,Tamil-Nadu,5,5,1,8,0.27882465720176697,0.34231593365050217,-1.1361567786469142
843,Tamil-Nadu,5,5,1,16,0.1637044996023178,0.2068850252799448,0.21974421455204285
844,Tamil-Nadu,5,5,1,32,0.25068163871765137,0.30185290569697,-0.6609998958463148
845,Tamil-Nadu,5,5,2,1,0.3697827160358429,0.43207431599260976,-2.4032650158285085
846,Tamil-Nadu,5,5,2,5,0.28029686212539673,0.34565082520822765,-1.1779807601392869
847,Tamil-Nadu,5,5,2,8,0.2923200726509094,0.35688328421041643,-1.32183438832545
848,Tamil-Nadu,5,5,2,16,0.2045040726661682,0.24947904906671628,-0.1346111056160766
849,Tamil-Nadu,5,5,2,32,0.19319771230220795,0.23867258393327528,-0.03844618370216191
850,Tamil-Nadu,5,7,1,1,0.848365068435669,0.9400881962287037,-15.35618529483201
851,Tamil-Nadu,5,7,1,5,0.23595276474952698,0.2866138671795808,-0.5203348043665426
852,Tamil-Nadu,5,7,1,8,0.2856936752796173,0.3459538235039437,-1.2150372911508565
853,Tamil-Nadu,5,7,1,16,0.14869381487369537,0.19114608989840412,0.32379923295063395
854,Tamil-Nadu,5,7,1,32,0.240254744887352,0.2941886173727107,-0.6017565317947777
855,Tamil-Nadu,5,7,2,1,0.37337633967399597,0.4345314608576488,-2.494517709653673
856,Tamil-Nadu,5,7,2,5,0.2812440097332001,0.35025686902751346,-1.2704821262157497
857,Tamil-Nadu,5,7,2,8,0.3054145276546478,0.37131086322607953,-1.5516440926197315
858,Tamil-Nadu,5,7,2,16,0.24184855818748474,0.29016969609573534,-0.5582922413495441
859,Tamil-Nadu,5,7,2,32,0.22395838797092438,0.27948171994529586,-0.4456115932748932
860,Tamil-Nadu,5,15,1,1,0.9130121469497681,0.9984894310664565,-19.073780379684468
861,Tamil-Nadu,5,15,1,5,0.2736310064792633,0.314905173413139,-0.9966494105282881
862,Tamil-Nadu,5,15,1,8,0.3137870728969574,0.3650424065189261,-1.6830505947272245
863,Tamil-Nadu,5,15,1,16,0.18770547211170197,0.2248488600722147,-0.017943331974574983
864,Tamil-Nadu,5,15,1,32,0.24519672989845276,0.2940428309090303,-0.7408583185110058
865,Tamil-Nadu,5,15,2,1,0.3933640122413635,0.4478347355925102,-3.0381066731677375
866,Tamil-Nadu,5,15,2,5,0.3231543004512787,0.37751988314376805,-1.8696032533635805
867,Tamil-Nadu,5,15,2,8,0.3576969504356384,0.4235117738059941,-2.6113800223919754
868,Tamil-Nadu,5,15,2,16,0.28498807549476624,0.3241467453384997,-1.1155608387630074
869,Tamil-Nadu,5,15,2,32,0.25661802291870117,0.2959742307376024,-0.7638027579406499
870,Tamil-Nadu,6,5,1,1,0.39734742045402527,0.4633329185762996,-2.913498821821853
871,Tamil-Nadu,6,5,1,5,0.2783046364784241,0.3348553549517357,-1.0440587326389377
872,Tamil-Nadu,6,5,1,8,0.3902503252029419,0.4599128098628826,-2.8559369431179245
873,Tamil-Nadu,6,5,1,16,0.15977294743061066,0.19437146461129604,0.31127812859404913
874,Tamil-Nadu,6,5,1,32,0.11456752568483353,0.14253739859649228,0.6296293967252342
875,Tamil-Nadu,6,5,2,1,0.32307687401771545,0.39739485432648797,-1.878878671877271
876,Tamil-Nadu,6,5,2,5,0.21568308770656586,0.2747137937449093,-0.375750896856178
877,Tamil-Nadu,6,5,2,8,0.24321384727954865,0.3046662616663571,-0.6921062422651663
878,Tamil-Nadu,6,5,2,16,0.20507752895355225,0.2505990094100222,-0.14482105328218453
879,Tamil-Nadu,6,5,2,32,0.27501338720321655,0.31320513801945943,-0.7882848032202778
880,Tamil-Nadu,6,7,1,1,0.399239182472229,0.4641142016807987,-2.9865250080762826
881,Tamil-Nadu,6,7,1,5,0.28519484400749207,0.33765750627050106,-1.1100736741287949
882,Tamil-Nadu,6,7,1,8,0.4040363132953644,0.4767538374469826,-3.206619434635133
883,Tamil-Nadu,6,7,1,16,0.22295933961868286,0.2580372524286343,-0.2322804868846262
884,Tamil-Nadu,6,7,1,32,0.18112878501415253,0.21534357883345262,0.1417601727737282
885,Tamil-Nadu,6,7,2,1,0.33461496233940125,0.40139956007298044,-1.9819376835918971
886,Tamil-Nadu,6,7,2,5,0.2142309695482254,0.27683722218930895,-0.41838389485143024
887,Tamil-Nadu,6,7,2,8,0.26284435391426086,0.3196981050367458,-0.8915810659212522
888,Tamil-Nadu,6,7,2,16,0.24659447371959686,0.2965236517179638,-0.6272843964333343
889,Tamil-Nadu,6,7,2,32,0.20071345567703247,0.24395723703161418,-0.10146884300769776
890,Tamil-Nadu,6,15,1,1,0.43510541319847107,0.5003274203189755,-4.040235546997831
891,Tamil-Nadu,6,15,1,5,0.3491334319114685,0.4011525046362504,-2.240121132970531
892,Tamil-Nadu,6,15,1,8,0.4203650951385498,0.4759301696383156,-3.5606702651092412
893,Tamil-Nadu,6,15,1,16,0.2609952688217163,0.29244605165986914,-0.7220021861494812
894,Tamil-Nadu,6,15,1,32,0.18881717324256897,0.218158219480347,0.041735523266406616
895,Tamil-Nadu,6,15,2,1,0.3551439642906189,0.41602683611883495,-2.4848567952428957
896,Tamil-Nadu,6,15,2,5,0.25358062982559204,0.30128817755619763,-0.8277062328515341
897,Tamil-Nadu,6,15,2,8,0.2890705168247223,0.3399785311666657,-1.3272616691484673
898,Tamil-Nadu,6,15,2,16,0.2465827912092209,0.28904989575923773,-0.6822396036753817
899,Tamil-Nadu,6,15,2,32,0.24278628826141357,0.2899284794188053,-0.6924816382629231
